{
  "project_info": {
    "project_number": "694563194134",
    "firebase_url": "https://caringfriends-9d3c4.firebaseio.com",
    "project_id": "caringfriends-9d3c4",
    "storage_bucket": "caringfriends-9d3c4.appspot.com"
  },
  "client": [
    {
      "client_info": {
        "mobilesdk_app_id": "1:694563194134:android:c3afd3384390f6c7",
        "android_client_info": {
          "package_name": "co.caringfriends.caringfriendsv10"
        }
      },
      "oauth_client": [
        {
          "client_id": "694563194134-j0q7drnk4q8e1oiajoh00gsmhvfh955d.apps.googleusercontent.com",
          "client_type": 1,
          "android_info": {
            "package_name": "co.caringfriends.caringfriendsv10",
            "certificate_hash": "3f2cbd72897e808bb83b21d0d61601b66f67c207"
          }
        },
        {
          "client_id": "694563194134-6m14nf3urtl4ahbs8cbvcqrdfg1imuv9.apps.googleusercontent.com",
          "client_type": 3
        }
      ],
      "api_key": [
        {
          "current_key": "AIzaSyChqL2jVPmBH7rDMIZuhK9PbjlQMkSyCS0"
        }
      ],
      "services": {
        "analytics_service": {
          "status": 1
        },
        "appinvite_service": {
          "status": 2,
          "other_platform_oauth_client": [
            {
              "client_id": "694563194134-6m14nf3urtl4ahbs8cbvcqrdfg1imuv9.apps.googleusercontent.com",
              "client_type": 3
            }
          ]
        },
        "ads_service": {
          "status": 2
        }
      }
    }
  ],
  "configuration_version": "1"
}